{"cameraMode":{"drawMode":0,"name":"Shaded","section":"Shading Mode"},"sceneLighting":false,"audioPlay":false,"sceneViewState":{"m_AlwaysRefresh":false,"showFog":true,"showSkybox":false,"showFlares":true,"showImageEffects":true,"showParticleSystems":true,"showVisualEffectGraphs":true,"m_FxEnabled":true},"in2DMode":false,"pivot":{"x":0.11937138438224793,"y":4.427220821380615,"z":0.06553816795349121},"rotation":{"x":0.09101349860429764,"y":0.2735842168331146,"z":-0.02601376175880432,"w":0.9571806788444519},"size":0.5196153521537781,"orthographic":true}