{"cameraMode":{"drawMode":0,"name":"Shaded","section":"Shading Mode"},"sceneLighting":true,"audioPlay":false,"sceneViewState":{"m_AlwaysRefresh":false,"showFog":true,"showSkybox":true,"showFlares":true,"showImageEffects":true,"showParticleSystems":true,"showVisualEffectGraphs":true,"m_FxEnabled":true},"in2DMode":false,"pivot":{"x":0.11937141418457031,"y":-4.369999885559082,"z":0.06553816795349121},"rotation":{"x":-0.5924046039581299,"y":0.018337734043598176,"z":-0.013536239042878151,"w":-0.8053773641586304},"size":7.051314830780029,"orthographic":true}