{"cameraMode":{"drawMode":0,"name":"Shaded","section":"Shading Mode"},"sceneLighting":true,"audioPlay":false,"sceneViewState":{"m_AlwaysRefresh":false,"showFog":true,"showSkybox":true,"showFlares":true,"showImageEffects":true,"showParticleSystems":true,"showVisualEffectGraphs":true,"m_FxEnabled":true},"in2DMode":false,"pivot":{"x":382.0850524902344,"y":206.12757873535157,"z":-2.87115478515625},"rotation":{"x":-0.047924913465976718,"y":-0.04912355914711952,"z":-0.0023583604488521816,"w":0.9976617693901062},"size":203.182373046875,"orthographic":true}